file name,say this
1.mp3,1
2.mp3,2
3.mp3,3
4.mp3,4
5.mp3,5
6.mp3,6
7.mp3,7
8.mp3,8
9.mp3,9
10.mp3,10
yes-great-job.mp3,Yes! Great job!
you-got-it.mp3,You got it!
wonderful.mp3,Wonderful!
super.mp3,Super!
not-yet-let-s-look-together.mp3,Not yet. Let's look together.
tap-each-one-to-count.mp3,Tap each one to count!
how-many-are-there.mp3,How many are there?
how-many-are-left.mp3,How many are left?
you-did-it-you-got-a-star.mp3,You did it! You got a star.
there-are-1-great-counting.mp3,There are 1! Great counting!
there-are-2-great-counting.mp3,There are 2! Great counting!
there-are-3-great-counting.mp3,There are 3! Great counting!
there-are-4-great-counting.mp3,There are 4! Great counting!
there-are-5-great-counting.mp3,There are 5! Great counting!
there-are-6-great-counting.mp3,There are 6! Great counting!
there-are-7-great-counting.mp3,There are 7! Great counting!
there-are-8-great-counting.mp3,There are 8! Great counting!
there-are-9-great-counting.mp3,There are 9! Great counting!
there-are-10-great-counting.mp3,There are 10! Great counting!
take-away-1-tap-1-to-take-them-away.mp3,Take away 1. Tap 1 to take them away.
take-away-2-tap-2-to-take-them-away.mp3,Take away 2. Tap 2 to take them away.
take-away-3-tap-3-to-take-them-away.mp3,Take away 3. Tap 3 to take them away.
take-away-4-tap-4-to-take-them-away.mp3,Take away 4. Tap 4 to take them away.
take-away-5-tap-5-to-take-them-away.mp3,Take away 5. Tap 5 to take them away.
take-away-6-tap-6-to-take-them-away.mp3,Take away 6. Tap 6 to take them away.
take-away-7-tap-7-to-take-them-away.mp3,Take away 7. Tap 7 to take them away.
take-away-8-tap-8-to-take-them-away.mp3,Take away 8. Tap 8 to take them away.
take-away-9-tap-9-to-take-them-away.mp3,Take away 9. Tap 9 to take them away.
1-plus-1-how-many-altogether.mp3,1 plus 1. How many altogether?
1-plus-2-how-many-altogether.mp3,1 plus 2. How many altogether?
1-plus-3-how-many-altogether.mp3,1 plus 3. How many altogether?
1-plus-4-how-many-altogether.mp3,1 plus 4. How many altogether?
1-plus-5-how-many-altogether.mp3,1 plus 5. How many altogether?
1-plus-6-how-many-altogether.mp3,1 plus 6. How many altogether?
1-plus-7-how-many-altogether.mp3,1 plus 7. How many altogether?
1-plus-8-how-many-altogether.mp3,1 plus 8. How many altogether?
1-plus-9-how-many-altogether.mp3,1 plus 9. How many altogether?
2-plus-1-how-many-altogether.mp3,2 plus 1. How many altogether?
2-plus-2-how-many-altogether.mp3,2 plus 2. How many altogether?
2-plus-3-how-many-altogether.mp3,2 plus 3. How many altogether?
2-plus-4-how-many-altogether.mp3,2 plus 4. How many altogether?
2-plus-5-how-many-altogether.mp3,2 plus 5. How many altogether?
2-plus-6-how-many-altogether.mp3,2 plus 6. How many altogether?
2-plus-7-how-many-altogether.mp3,2 plus 7. How many altogether?
2-plus-8-how-many-altogether.mp3,2 plus 8. How many altogether?
3-plus-1-how-many-altogether.mp3,3 plus 1. How many altogether?
3-plus-2-how-many-altogether.mp3,3 plus 2. How many altogether?
3-plus-3-how-many-altogether.mp3,3 plus 3. How many altogether?
3-plus-4-how-many-altogether.mp3,3 plus 4. How many altogether?
3-plus-5-how-many-altogether.mp3,3 plus 5. How many altogether?
3-plus-6-how-many-altogether.mp3,3 plus 6. How many altogether?
3-plus-7-how-many-altogether.mp3,3 plus 7. How many altogether?
4-plus-1-how-many-altogether.mp3,4 plus 1. How many altogether?
4-plus-2-how-many-altogether.mp3,4 plus 2. How many altogether?
4-plus-3-how-many-altogether.mp3,4 plus 3. How many altogether?
4-plus-4-how-many-altogether.mp3,4 plus 4. How many altogether?
4-plus-5-how-many-altogether.mp3,4 plus 5. How many altogether?
4-plus-6-how-many-altogether.mp3,4 plus 6. How many altogether?
5-plus-1-how-many-altogether.mp3,5 plus 1. How many altogether?
5-plus-2-how-many-altogether.mp3,5 plus 2. How many altogether?
5-plus-3-how-many-altogether.mp3,5 plus 3. How many altogether?
5-plus-4-how-many-altogether.mp3,5 plus 4. How many altogether?
5-plus-5-how-many-altogether.mp3,5 plus 5. How many altogether?
6-plus-1-how-many-altogether.mp3,6 plus 1. How many altogether?
6-plus-2-how-many-altogether.mp3,6 plus 2. How many altogether?
6-plus-3-how-many-altogether.mp3,6 plus 3. How many altogether?
6-plus-4-how-many-altogether.mp3,6 plus 4. How many altogether?
7-plus-1-how-many-altogether.mp3,7 plus 1. How many altogether?
7-plus-2-how-many-altogether.mp3,7 plus 2. How many altogether?
7-plus-3-how-many-altogether.mp3,7 plus 3. How many altogether?
8-plus-1-how-many-altogether.mp3,8 plus 1. How many altogether?
8-plus-2-how-many-altogether.mp3,8 plus 2. How many altogether?
9-plus-1-how-many-altogether.mp3,9 plus 1. How many altogether?
